WORD,AVG_ANNOTATION,AA1,AA2
ability,0.3875,0.3875,0.3875
able,0.5,0.5,0.5
above,1.0,1.0,1.0
abrupt,-1.0,-1.0,-1.0
absolute,0.0,0.0,0.0
absolutely,0.0,0.0,0.0
accident,-0.7625,-0.7625,-0.7625
accomplished,0.86875,0.86875,0.86875
acknowledge,0.5,0.5,0.5
actual,0.0,0.0,0.0
actually,0.0,0.0,0.0
addict,0.0,0.0,0.0
addicted,0.0,0.0,0.0
adequate,0.903125,0.903125,0.903125
advanced,0.90625,0.90625,0.90625
advantage,0.90625,0.90625,0.90625
adversary,-0.9,-0.9,-0.9
affect,0.0,0.0,0.0
afford,1.0,1.0,1.0
affordable,1.0,1.0,1.0
against,-1.0,-1.0,-1.0
agree,0.3958333333333333,0.3958333333333333,0.3958333333333333
agreed,0.1375,0.1375,0.1375
air,0.0,0.0,0.0
allow,0.37083333333333335,0.37083333333333335,0.37083333333333335
alone,-0.125,-0.125,-0.125
alright,0.625,0.625,0.625
although,-0.5,-0.5,-0.5
amazed,0.94375,0.94375,0.94375
amazing,0.9625,0.9625,0.9625
amazingly,1.0,1.0,1.0
amazon,0.0875,0.0875,0.0875
annoying,-0.928125,-0.928125,-0.928125
anyway,0.0,0.0,0.0
anyways,0.0,0.0,0.0
apparently,0.0,0.0,0.0
appearance,0.0,0.0,0.0
appreciate,0.928125,0.928125,0.928125
approval,0.940625,0.940625,0.940625
aspire,1.0,1.0,1.0
assuring,0.85,0.85,0.85
astonishing,1.0,1.0,1.0
attachment,0.15,0.15,0.15
attest,1.0,1.0,1.0
attractive,0.934375,0.934375,0.934375
available,1.0,1.0,1.0
avid,0.9125,0.9125,0.9125
avoid,-0.8833333333333333,-0.8833333333333333,-0.8833333333333333
aware,0.0,0.0,0.0
awe,1.0,1.0,1.0
awesome,0.971875,0.971875,0.971875
awful,-0.9375,-0.9375,-0.9375
baby,0.0,0.0,0.0
back,0.5,0.5,0.5
bad,-0.953125,-0.953125,-0.953125
barely,-1.0,-1.0,-1.0
bargain,0.9,0.9,0.9
basic,0.5,0.5,0.5
beast,0.0,0.0,0.0
beautiful,0.965625,0.965625,0.965625
beautifully,0.959375,0.959375,0.959375
beauty,0.9625,0.9625,0.9625
believe,0.0,0.0,0.0
benefits,0.925,0.925,0.925
besides,0.0,0.0,0.0
best,0.975,0.975,0.975
better,0.934375,0.934375,0.934375
beware,-1.0,-1.0,-1.0
big,0.0,0.0,0.0
black,-0.5,-0.5,-0.5
blame,-0.91875,-0.91875,-0.91875
block,-0.41250000000000003,-0.41250000000000003,-0.41250000000000003
bloody,-0.934375,-0.934375,-0.934375
bonus,0.953125,0.953125,0.953125
bother,-0.91875,-0.91875,-0.91875
break,-1.0,-1.0,-1.0
breaking,-1.0,-1.0,-1.0
breaks,-1.0,-1.0,-1.0
bright,0.934375,0.934375,0.934375
brightness,0.39999999999999997,0.39999999999999997,0.39999999999999997
broad,0.5,0.5,0.5
broke,-0.93125,-0.93125,-0.93125
broken,-0.88125,-0.88125,-0.88125
bug,-1.0,-1.0,-1.0
bummer,-0.7,-0.7,-0.7
bumping,0.0,0.0,0.0
burn,-1.0,-1.0,-1.0
burned,-1.0,-1.0,-1.0
burning,-1.0,-1.0,-1.0
cancel,-0.625,-0.625,-0.625
capable,0.925,0.925,0.925
care,0.42500000000000004,0.42500000000000004,0.42500000000000004
cared,0.225,0.225,0.225
careful,-0.14166666666666666,-0.14166666666666666,-0.14166666666666666
casual,0.1,0.1,0.1
certain,0.04583333333333334,0.04583333333333334,0.04583333333333334
certainly,0.05833333333333333,0.05833333333333333,0.05833333333333333
challenge,-0.3208333333333333,-0.3208333333333333,-0.3208333333333333
champion,0.965625,0.965625,0.965625
chance,0.125,0.125,0.125
charged,-0.1,-0.1,-0.1
charges,-0.1375,-0.1375,-0.1375
charm,0.928125,0.928125,0.928125
cheap,-0.5,-0.5,-0.5
cheaper,0.5,0.5,0.5
cheapest,0.5,0.5,0.5
cheaply,-1.0,-1.0,-1.0
claim,0.0,0.0,0.0
clarity,0.428125,0.428125,0.428125
clean,0.928125,0.928125,0.928125
clear,0.925,0.925,0.925
close,-0.5,-0.5,-0.5
cloud,-0.5,-0.5,-0.5
clunky,-1.0,-1.0,-1.0
comfortable,0.946875,0.946875,0.946875
comment,0.0,0.0,0.0
compact,1.0,1.0,1.0
compatible,1.0,1.0,1.0
complain,-0.921875,-0.921875,-0.921875
complaining,-0.9,-0.9,-0.9
complains,-0.85,-0.85,-0.85
complaint,-0.9125,-0.9125,-0.9125
complaints,-0.928125,-0.928125,-0.928125
complete,0.0,0.0,0.0
completely,0.0,0.0,0.0
complicated,-1.0,-1.0,-1.0
compliments,0.7125,0.7125,0.7125
concern,-1.0,-1.0,-1.0
concerned,-1.0,-1.0,-1.0
confident,0.94375,0.94375,0.94375
cons,-1.0,-1.0,-1.0
consider,0.0,0.0,0.0
continuous,0.0,0.0,0.0
convenient,1.0,1.0,1.0
cool,0.83125,0.83125,0.83125
correct,1.0,1.0,1.0
correctly,1.0,1.0,1.0
cost-effective,1.0,1.0,1.0
could,0.0,0.0,0.0
crack,-1.0,-1.0,-1.0
crap,-0.85,-0.85,-0.85
crash,-0.85625,-0.85625,-0.85625
crashed,-1.0,-1.0,-1.0
crashes,-1.0,-1.0,-1.0
crashing,-1.0,-1.0,-1.0
crazy,-0.91875,-0.91875,-0.91875
create,0.1375,0.1375,0.1375
created,0.125,0.125,0.125
creativity,0.2,0.2,0.2
credit,0.7,0.7,0.7
crisp,1.0,1.0,1.0
critical,-0.915625,-0.915625,-0.915625
cut,-0.37916666666666665,-0.37916666666666665,-0.37916666666666665
cutting,-0.0625,-0.0625,-0.0625
damaged,-0.86875,-0.86875,-0.86875
damn,-0.428125,-0.428125,-0.428125
dangerous,-0.940625,-0.940625,-0.940625
dark,-1.0,-1.0,-1.0
darker,-1.0,-1.0,-1.0
dead,-0.978125,-0.978125,-0.978125
deal,0.5,0.5,0.5
death,-0.965625,-0.965625,-0.965625
decent,1.0,1.0,1.0
decrease,-1.0,-1.0,-1.0
dedicated,0.9375,0.9375,0.9375
defeats,-0.33125,-0.33125,-0.33125
defect,-0.91875,-0.91875,-0.91875
defective,-0.934375,-0.934375,-0.934375
definitely,0.4041666666666666,0.4041666666666666,0.4041666666666666
delay,-0.83125,-0.83125,-0.83125
denied,-0.86875,-0.86875,-0.86875
desired,0.6375,0.6375,0.6375
despite,-0.5,-0.5,-0.5
die,-0.93125,-0.93125,-0.93125
died,-0.9125,-0.9125,-0.9125
dies,-1.0,-1.0,-1.0
difference,0.0,0.0,0.0
difficult,-0.921875,-0.921875,-0.921875
difficulties,-0.9125,-0.9125,-0.9125
difficulty,-0.91875,-0.91875,-0.91875
diminish,-1.0,-1.0,-1.0
dirty,-0.934375,-0.934375,-0.934375
disappoint,-0.928125,-0.928125,-0.928125
disappointed,-0.940625,-0.940625,-0.940625
disappointing,-0.94375,-0.94375,-0.94375
disappointment,-0.946875,-0.946875,-0.946875
disappointments,-0.875,-0.875,-0.875
discontinued,-1.0,-1.0,-1.0
dislike,-0.925,-0.925,-0.925
dissappointed,-1.0,-1.0,-1.0
dissatisfied,-0.925,-0.925,-0.925
doa,-0.7875,-0.7875,-0.7875
doubt,-0.921875,-0.921875,-0.921875
down,-1.0,-1.0,-1.0
downfall,-1.0,-1.0,-1.0
downside,-0.90625,-0.90625,-0.90625
drawback,-1.0,-1.0,-1.0
drive,0.5,0.5,0.5
drop,-0.6375,-0.6375,-0.6375
drown,-0.8375,-0.8375,-0.8375
dud,-0.90625,-0.90625,-0.90625
dump,-0.925,-0.925,-0.925
durability,0.5,0.5,0.5
durable,1.0,1.0,1.0
dust,-1.0,-1.0,-1.0
duty,0.0,0.0,0.0
ease,0.921875,0.921875,0.921875
easier,0.93125,0.93125,0.93125
easiest,0.93125,0.93125,0.93125
easily,0.8916666666666666,0.8916666666666666,0.8916666666666666
easy,0.934375,0.934375,0.934375
edgy,0.0,0.0,0.0
effective,0.940625,0.940625,0.940625
efficient,0.93125,0.93125,0.93125
effin,-0.7875,-0.7875,-0.7875
elegant,0.940625,0.940625,0.940625
else,0.0,0.0,0.0
enable,0.5,0.5,0.5
encourage,0.946875,0.946875,0.946875
enemies,-0.94375,-0.94375,-0.94375
energy,0.1375,0.1375,0.1375
enjoy,0.94375,0.94375,0.94375
enjoyable,0.934375,0.934375,0.934375
enjoyed,0.89375,0.89375,0.89375
enjoying,0.9,0.9,0.9
enough,0.16666666666666666,0.16666666666666666,0.16666666666666666
enraged,-0.928125,-0.928125,-0.928125
entertained,0.7125,0.7125,0.7125
entire,0.0,0.0,0.0
envy,-0.659375,-0.659375,-0.659375
error,-0.928125,-0.928125,-0.928125
errors,-0.8375,-0.8375,-0.8375
especially,0.5,0.5,0.5
essential,1.0,1.0,1.0
even,0.5,0.5,0.5
exact,0.0,0.0,0.0
exactly,0.0,0.0,0.0
exaggeration,-1.0,-1.0,-1.0
exceeded,1.0,1.0,1.0
excel,0.4375,0.4375,0.4375
excelent,1.0,1.0,1.0
excellent,0.959375,0.959375,0.959375
exceptional,1.0,1.0,1.0
excited,0.91875,0.91875,0.91875
excuses,-1.0,-1.0,-1.0
exhaust,-0.9125,-0.9125,-0.9125
expectation,0.0,0.0,0.0
expensive,-1.0,-1.0,-1.0
expired,-1.0,-1.0,-1.0
exposed,-0.8458333333333334,-0.8458333333333334,-0.8458333333333334
extend,0.0875,0.0875,0.0875
extremely,-0.5,-0.5,-0.5
fabulous,0.95,0.95,0.95
fact,0.0,0.0,0.0
fail,-0.953125,-0.953125,-0.953125
failed,-0.89375,-0.89375,-0.89375
failing,-0.946875,-0.946875,-0.946875
fails,-0.8625,-0.8625,-0.8625
fairly,0.5,0.5,0.5
fall,-1.0,-1.0,-1.0
falling,-0.7875,-0.7875,-0.7875
fallout,-0.5,-0.5,-0.5
familiar,0.0,0.0,0.0
fan,0.1625,0.1625,0.1625
fancy,1.0,1.0,1.0
fantastic,0.95625,0.95625,0.95625
fast,0.6666666666666666,0.6666666666666666,0.6666666666666666
faster,1.0,1.0,1.0
fault,-0.928125,-0.928125,-0.928125
faulty,-0.915625,-0.915625,-0.915625
favor,0.928125,0.928125,0.928125
favorite,0.9375,0.9375,0.9375
feel,0.0,0.0,0.0
feeling,0.020833333333333332,0.020833333333333332,0.020833333333333332
feels,0.0,0.0,0.0
fell,-1.0,-1.0,-1.0
felt,0.0,0.0,0.0
fighting,-0.6875,-0.6875,-0.6875
finally,0.0,0.0,0.0
fine,0.65,0.65,0.65
fire,-0.675,-0.675,-0.675
fired,-0.325,-0.325,-0.325
firmly,0.0,0.0,0.0
fit,0.8958333333333333,0.8958333333333333,0.8958333333333333
flash,-0.5,-0.5,-0.5
flawlessly,0.9,0.9,0.9
flaws,-1.0,-1.0,-1.0
focused,0.2,0.2,0.2
fool,-0.934375,-0.934375,-0.934375
force,-1.0,-1.0,-1.0
forced,-0.75,-0.75,-0.75
forget,-0.37083333333333335,-0.37083333333333335,-0.37083333333333335
forgivable,0.7125,0.7125,0.7125
fortunately,1.0,1.0,1.0
fragile,-1.0,-1.0,-1.0
freaking,-0.8625,-0.8625,-0.8625
free,0.946875,0.946875,0.946875
freeze,-0.7375,-0.7375,-0.7375
freezes,-0.75625,-0.75625,-0.75625
freezing,-0.775,-0.775,-0.775
fresh,0.915625,0.915625,0.915625
friction,-1.0,-1.0,-1.0
friend,0.925,0.925,0.925
friendly,0.94375,0.94375,0.94375
friends,0.9208333333333334,0.9208333333333334,0.9208333333333334
froze,-1.0,-1.0,-1.0
frustrated,-0.95,-0.95,-0.95
frustrating,-0.934375,-0.934375,-0.934375
full,0.0,0.0,0.0
fully,0.0,0.0,0.0
fun,0.696875,0.696875,0.696875
functional,1.0,1.0,1.0
funny,0.684375,0.684375,0.684375
fuss,-1.0,-1.0,-1.0
game,-0.5,-0.5,-0.5
geek,-0.1,-0.1,-0.1
generous,0.946875,0.946875,0.946875
genius,1.0,1.0,1.0
gestures,0.0,0.0,0.0
giant,0.0,0.0,0.0
giddy,0.60625,0.60625,0.60625
gift,0.2375,0.2375,0.2375
giving,0.175,0.175,0.175
glad,0.9375,0.9375,0.9375
gladly,0.91875,0.91875,0.91875
glare,-1.0,-1.0,-1.0
glossy,0.0,0.0,0.0
good,0.934375,0.934375,0.934375
gorgeous,0.96875,0.96875,0.96875
granted,0.125,0.125,0.125
great,0.971875,0.971875,0.971875
greatest,0.975,0.975,0.975
guarantee,0.90625,0.90625,0.90625
hack,-1.0,-1.0,-1.0
hacked,-0.7125,-0.7125,-0.7125
hand,0.275,0.275,0.275
handy,1.0,1.0,1.0
hangs,-1.0,-1.0,-1.0
happier,0.9,0.9,0.9
happy,0.959375,0.959375,0.959375
hard,-0.8875,-0.8875,-0.8875
hardly,-1.0,-1.0,-1.0
hassle,-1.0,-1.0,-1.0
hate,-0.959375,-0.959375,-0.959375
hated,-0.95,-0.95,-0.95
hateful,-0.94375,-0.94375,-0.94375
headache,-1.0,-1.0,-1.0
headaches,-1.0,-1.0,-1.0
heartily,1.0,1.0,1.0
heck,-1.0,-1.0,-1.0
help,0.9041666666666666,0.9041666666666666,0.9041666666666666
helped,1.0,1.0,1.0
helpful,0.93125,0.93125,0.93125
helping,0.825,0.825,0.825
helps,0.7,0.7,0.7
hesitate,-0.6375,-0.6375,-0.6375
hide,-0.5875,-0.5875,-0.5875
high,0.0,0.0,0.0
hollow,-1.0,-1.0,-1.0
honest,0.946875,0.946875,0.946875
honestly,0.9166666666666667,0.9166666666666667,0.9166666666666667
hope,0.9125000000000001,0.9125000000000001,0.9125000000000001
hoped,0.2,0.2,0.2
hoping,0.225,0.225,0.225
horrible,-0.953125,-0.953125,-0.953125
hot,0.0,0.0,0.0
however,0.0,0.0,0.0
huge,0.05416666666666667,0.05416666666666667,0.05416666666666667
hung,-1.0,-1.0,-1.0
hurt,-0.95,-0.95,-0.95
idea,0.0,0.0,0.0
ideal,0.95,0.95,0.95
idiots,-1.0,-1.0,-1.0
idk,-0.55,-0.55,-0.55
ignorant,-0.909375,-0.909375,-0.909375
imagine,0.0,0.0,0.0
immediate,0.0,0.0,0.0
immediately,0.0,0.0,0.0
implore,0.0,0.0,0.0
important,0.9,0.9,0.9
impossible,-1.0,-1.0,-1.0
impressed,0.88125,0.88125,0.88125
impressions,0.37083333333333335,0.37083333333333335,0.37083333333333335
impressive,0.946875,0.946875,0.946875
impressively,0.9375,0.9375,0.9375
improvement,0.9375,0.9375,0.9375
improvements,0.83125,0.83125,0.83125
improving,0.93125,0.93125,0.93125
incompatible,-1.0,-1.0,-1.0
inconvenience,-0.921875,-0.921875,-0.921875
incorrect,-1.0,-1.0,-1.0
increase,0.6625,0.6625,0.6625
incredible,1.0,1.0,1.0
incredibly,1.0,1.0,1.0
indeed,0.0,0.0,0.0
indication,0.0,0.0,0.0
inept,-1.0,-1.0,-1.0
inevitably,-1.0,-1.0,-1.0
inexpensive,1.0,1.0,1.0
influence,0.0,0.0,0.0
inherent,0.0,0.0,0.0
innovation,0.925,0.925,0.925
insane,0.07187500000000002,0.07187500000000002,0.07187500000000002
insanity,-0.959375,-0.959375,-0.959375
instantly,0.5,0.5,0.5
integral,1.0,1.0,1.0
interest,0.9166666666666667,0.9166666666666667,0.9166666666666667
interested,0.9041666666666666,0.9041666666666666,0.9041666666666666
interesting,0.928125,0.928125,0.928125
intuitive,1.0,1.0,1.0
invalidate,-1.0,-1.0,-1.0
isolation,-0.428125,-0.428125,-0.428125
isolator,-0.05,-0.05,-0.05
issue,-1.0,-1.0,-1.0
issues,-1.0,-1.0,-1.0
joke,-0.3375,-0.3375,-0.3375
joy,0.9625,0.9625,0.9625
joystick,0.0875,0.0875,0.0875
junk,-1.0,-1.0,-1.0
just,0.5,0.5,0.5
key,0.0,0.0,0.0
kidding,0.05,0.05,0.05
killer,0.021874999999999978,0.021874999999999978,0.021874999999999978
kind,0.43333333333333335,0.43333333333333335,0.43333333333333335
knew,0.0,0.0,0.0
know,0.0,0.0,0.0
lack,-0.915625,-0.915625,-0.915625
lacking,-1.0,-1.0,-1.0
lag,-0.91875,-0.91875,-0.91875
lags,-0.84375,-0.84375,-0.84375
lame,-0.93125,-0.93125,-0.93125
large,0.25,0.25,0.25
leading,1.0,1.0,1.0
learn,0.0,0.0,0.0
learned,0.5,0.5,0.5
learning,0.5,0.5,0.5
least,-0.5,-0.5,-0.5
led,0.5,0.5,0.5
lemon,-1.0,-1.0,-1.0
less,-1.0,-1.0,-1.0
lie,-1.0,-1.0,-1.0
light,1.0,1.0,1.0
lighter,1.0,1.0,1.0
like,0.921875,0.921875,0.921875
liked,0.8625,0.8625,0.8625
likely,0.0,0.0,0.0
likes,0.8625,0.8625,0.8625
liking,0.428125,0.428125,0.428125
limited,-0.903125,-0.903125,-0.903125
little,-0.5,-0.5,-0.5
live,0.5,0.5,0.5
lol,0.79375,0.79375,0.79375
long,-0.5,-0.5,-0.5
look,0.0,0.0,0.0
looking,0.0,0.0,0.0
loose,-0.83125,-0.83125,-0.83125
lose,-0.928125,-0.928125,-0.928125
loss,-0.915625,-0.915625,-0.915625
losses,-0.85625,-0.85625,-0.85625
lost,-0.915625,-0.915625,-0.915625
loud,-0.5,-0.5,-0.5
louder,-0.5,-0.5,-0.5
love,0.975,0.975,0.975
loved,0.93125,0.93125,0.93125
loves,0.91875,0.91875,0.91875
loving,0.93125,0.93125,0.93125
low,-0.37916666666666665,-0.37916666666666665,-0.37916666666666665
lower,-0.15,-0.15,-0.15
loyal,0.940625,0.940625,0.940625
luck,0.9375,0.9375,0.9375
luxury,1.0,1.0,1.0
magnetic,0.5,0.5,0.5
major,0.0,0.0,0.0
massive,0.0,0.0,0.0
masterpiece,0.971875,0.971875,0.971875
matte,-0.5,-0.5,-0.5
matter,0.004166666666666667,0.004166666666666667,0.004166666666666667
matters,0.0125,0.0125,0.0125
maybe,0.0,0.0,0.0
mean,-0.25,-0.25,-0.25
meh,-0.0375,-0.0375,-0.0375
mere,-1.0,-1.0,-1.0
messy,-0.921875,-0.921875,-0.921875
might,0.25,0.25,0.25
mild,1.0,1.0,1.0
mind,-0.5,-0.5,-0.5
minor,0.0,0.0,0.0
miscellaneous,-0.5,-0.5,-0.5
mistake,-0.91875,-0.91875,-0.91875
modern,1.0,1.0,1.0
moon,-0.5,-0.5,-0.5
most,0.0,0.0,0.0
mostly,0.0,0.0,0.0
move,0.0,0.0,0.0
moving,0.5,0.5,0.5
much,0.0,0.0,0.0
must,0.0,0.0,0.0
nasty,-0.95625,-0.95625,-0.95625
nature,0.0,0.0,0.0
necessary,1.0,1.0,1.0
need,-0.25,-0.25,-0.25
needless,-1.0,-1.0,-1.0
needs,0.0,0.0,0.0
negative,-0.959375,-0.959375,-0.959375
negligible,-0.5,-0.5,-0.5
nervous,-0.909375,-0.909375,-0.909375
nice,0.93125,0.93125,0.93125
nicely,0.934375,0.934375,0.934375
nicest,0.8875,0.8875,0.8875
nightmare,-1.0,-1.0,-1.0
no,-0.65,-0.65,-0.65
noise,-1.0,-1.0,-1.0
noises,-1.0,-1.0,-1.0
noisy,-0.896875,-0.896875,-0.896875
normal,0.5,0.5,0.5
nuisance,-1.0,-1.0,-1.0
number,0.0375,0.0375,0.0375
objection,-1.0,-1.0,-1.0
obsessed,0.4125,0.4125,0.4125
obtrusive,-1.0,-1.0,-1.0
obviously,-0.5,-0.5,-0.5
odd,-0.915625,-0.915625,-0.915625
oddities,-1.0,-1.0,-1.0
offline,-0.0625,-0.0625,-0.0625
oh,0.0,0.0,0.0
ok,0.175,0.175,0.175
open,0.5,0.5,0.5
opinion,0.0,0.0,0.0
opportunity,0.4083333333333334,0.4083333333333334,0.4083333333333334
outstanding,0.96875,0.96875,0.96875
overcome,-1.0,-1.0,-1.0
pain,-0.946875,-0.946875,-0.946875
painful,-0.934375,-0.934375,-0.934375
painless,0.9125,0.9125,0.9125
particular,0.0,0.0,0.0
particularly,0.0,0.0,0.0
party,0.2125,0.2125,0.2125
pay,-0.05,-0.05,-0.05
perfect,0.959375,0.959375,0.959375
perfectly,0.975,0.975,0.975
perhaps,0.0,0.0,0.0
plain,1.0,1.0,1.0
play,0.175,0.175,0.175
played,0.175,0.175,0.175
player,0.0,0.0,0.0
playing,0.1,0.1,0.1
plays,0.125,0.125,0.125
pleasant,0.946875,0.946875,0.946875
pleasantly,0.940625,0.940625,0.940625
please,0.3875,0.3875,0.3875
pleased,0.934375,0.934375,0.934375
pleasing,0.95,0.95,0.95
pleasure,0.959375,0.959375,0.959375
plenty,1.0,1.0,1.0
pluses,1.0,1.0,1.0
point,0.0,0.0,0.0
poor,-0.940625,-0.940625,-0.940625
poorly,-1.0,-1.0,-1.0
portable,1.0,1.0,1.0
positive,0.95625,0.95625,0.95625
possible,0.0,0.0,0.0
power,0.0,0.0,0.0
powerful,0.93125,0.93125,0.93125
powerless,-0.94375,-0.94375,-0.94375
practically,0.0,0.0,0.0
pray,0.05416666666666667,0.05416666666666667,0.05416666666666667
prefer,1.0,1.0,1.0
premium,1.0,1.0,1.0
press,0.5,0.5,0.5
pressured,-0.6125,-0.6125,-0.6125
pretty,0.94375,0.94375,0.94375
pricey,-1.0,-1.0,-1.0
primary,0.0,0.0,0.0
prime,0.0,0.0,0.0
pro,0.5,0.5,0.5
problem,-0.928125,-0.928125,-0.928125
problematic,-0.934375,-0.934375,-0.934375
problems,-0.928125,-0.928125,-0.928125
promise,0.915625,0.915625,0.915625
proper,1.0,1.0,1.0
properly,1.0,1.0,1.0
proprietary,-0.5,-0.5,-0.5
pros,1.0,1.0,1.0
protector,0.5,0.5,0.5
proving,0.5,0.5,0.5
pure,1.0,1.0,1.0
qualify,0.5,0.5,0.5
qualms,-1.0,-1.0,-1.0
quick,0.5,0.5,0.5
quicker,1.0,1.0,1.0
quiet,0.6666666666666666,0.6666666666666666,0.6666666666666666
quit,-0.5,-0.5,-0.5
quite,0.0,0.0,0.0
rare,0.0,0.0,0.0
rarely,0.0,0.0,0.0
rather,0.0,0.0,0.0
reach,0.0125,0.0125,0.0125
reaches,0.025,0.025,0.025
reaction,0.0,0.0,0.0
ready,0.921875,0.921875,0.921875
real,1.0,1.0,1.0
realistic,1.0,1.0,1.0
really,0.0,0.0,0.0
reason,0.5,0.5,0.5
reasonable,1.0,1.0,1.0
reasonably,1.0,1.0,1.0
recognition,0.5,0.5,0.5
recomend,1.0,1.0,1.0
recommend,0.921875,0.921875,0.921875
recommended,0.9,0.9,0.9
recovery,0.5,0.5,0.5
refund,0.5,0.5,0.5
refused,-0.825,-0.825,-0.825
regardless,0.0,0.0,0.0
regret,-0.93125,-0.93125,-0.93125
regrets,-0.84375,-0.84375,-0.84375
regretted,-0.85,-0.85,-0.85
relax,0.9125000000000001,0.9125000000000001,0.9125000000000001
reliability,1.0,1.0,1.0
reliable,1.0,1.0,1.0
repair,0.0,0.0,0.0
reputation,0.5,0.5,0.5
resolve,0.39999999999999997,0.39999999999999997,0.39999999999999997
resolved,0.8625,0.8625,0.8625
responsive,0.921875,0.921875,0.921875
restricted,-0.925,-0.925,-0.925
rich,0.95625,0.95625,0.95625
ridiculous,-0.921875,-0.921875,-0.921875
ridiculously,-0.91875,-0.91875,-0.91875
right,1.0,1.0,1.0
robust,0.91875,0.91875,0.91875
rough,-1.0,-1.0,-1.0
safety,0.225,0.225,0.225
sarcasm,-0.903125,-0.903125,-0.903125
satisfactory,0.921875,0.921875,0.921875
satisfied,0.8625,0.8625,0.8625
satisfy,0.9375,0.9375,0.9375
save,0.275,0.275,0.275
saved,0.225,0.225,0.225
savvy,1.0,1.0,1.0
scary,-0.94375,-0.94375,-0.94375
scratches,-1.0,-1.0,-1.0
screams,-0.65,-0.65,-0.65
screw,-0.8500000000000001,-0.8500000000000001,-0.8500000000000001
screwed,-0.8875,-0.8875,-0.8875
screws,-0.125,-0.125,-0.125
seamless,1.0,1.0,1.0
secure,0.91875,0.91875,0.91875
securely,0.91875,0.91875,0.91875
security,0.39166666666666666,0.39166666666666666,0.39166666666666666
seem,0.0,0.0,0.0
sensational,1.0,1.0,1.0
sense,1.0,1.0,1.0
sensitive,1.0,1.0,1.0
sensitivity,0.5,0.5,0.5
serious,0.15416666666666662,0.15416666666666662,0.15416666666666662
seriously,-0.3625,-0.3625,-0.3625
set-up,-0.5,-0.5,-0.5
shame,-0.940625,-0.940625,-0.940625
share,0.15,0.15,0.15
sharp,0.33333333333333337,0.33333333333333337,0.33333333333333337
shattered,-0.7625,-0.7625,-0.7625
sheer,-1.0,-1.0,-1.0
shine,1.0,1.0,1.0
shiny,1.0,1.0,1.0
shit,-0.9125,-0.9125,-0.9125
shocked,-0.33125000000000004,-0.33125000000000004,-0.33125000000000004
shockingly,-0.396875,-0.396875,-0.396875
should,0.0,0.0,0.0
show,0.0,0.0,0.0
signals,0.0,0.0,0.0
simple,1.0,1.0,1.0
simply,0.0,0.0,0.0
sleek,1.0,1.0,1.0
slick,1.0,1.0,1.0
slim,1.0,1.0,1.0
slow,-1.0,-1.0,-1.0
slower,-1.0,-1.0,-1.0
slowly,-1.0,-1.0,-1.0
smooth,1.0,1.0,1.0
smoother,1.0,1.0,1.0
smoothly,1.0,1.0,1.0
so,0.0,0.0,0.0
soft,1.0,1.0,1.0
solid,0.89375,0.89375,0.89375
solve,0.1,0.1,0.1
solved,0.1375,0.1375,0.1375
sophisticated,0.95625,0.95625,0.95625
sorry,-0.884375,-0.884375,-0.884375
sound,0.5,0.5,0.5
special,0.9041666666666666,0.9041666666666666,0.9041666666666666
specific,0.0,0.0,0.0
spectacular,1.0,1.0,1.0
speedy,1.0,1.0,1.0
split,-1.0,-1.0,-1.0
stability,1.0,1.0,1.0
stand,1.0,1.0,1.0
stands,0.0,0.0,0.0
star,0.5,0.5,0.5
stars,0.5,0.5,0.5
steady,1.0,1.0,1.0
stellar,1.0,1.0,1.0
still,0.0,0.0,0.0
stinks,-0.8125,-0.8125,-0.8125
stopped,-0.6125,-0.6125,-0.6125
stops,-0.575,-0.575,-0.575
strength,0.09166666666666666,0.09166666666666666,0.09166666666666666
strengths,0.7125,0.7125,0.7125
strong,0.946875,0.946875,0.946875
stuck,-0.8125,-0.8125,-0.8125
stunning,0.925,0.925,0.925
sturdy,1.0,1.0,1.0
stylish,1.0,1.0,1.0
sub-par,-1.0,-1.0,-1.0
substantial,0.8666666666666667,0.8666666666666667,0.8666666666666667
substantive,1.0,1.0,1.0
successfully,0.94375,0.94375,0.94375
such,0.0,0.0,0.0
sucks,-0.84375,-0.84375,-0.84375
suffer,-0.953125,-0.953125,-0.953125
suffice,1.0,1.0,1.0
suggest,1.0,1.0,1.0
suggestions,1.0,1.0,1.0
super,0.465625,0.465625,0.465625
superior,0.953125,0.953125,0.953125
support,0.428125,0.428125,0.428125
supported,0.83125,0.83125,0.83125
suppose,0.0,0.0,0.0
supposed,-0.5,-0.5,-0.5
sure,0.8875,0.8875,0.8875
surprise,0.5458333333333334,0.5458333333333334,0.5458333333333334
surprised,0.6125,0.6125,0.6125
swear,-0.3416666666666666,-0.3416666666666666,-0.3416666666666666
swore,-0.5,-0.5,-0.5
sworn,0.5,0.5,0.5
terrible,-0.940625,-0.940625,-0.940625
terribly,-0.95625,-0.95625,-0.95625
terrific,0.940625,0.940625,0.940625
thank,0.921875,0.921875,0.921875
thanks,0.7375,0.7375,0.7375
thicker,0.0,0.0,0.0
think,0.0,0.0,0.0
thinking,0.0,0.0,0.0
though,0.0,0.0,0.0
thought,0.0,0.0,0.0
thrilled,0.86875,0.86875,0.86875
throw,-1.0,-1.0,-1.0
thus,0.0,0.0,0.0
tiny,-1.0,-1.0,-1.0
tired,-0.934375,-0.934375,-0.934375
top,0.9,0.9,0.9
tops,0.89375,0.89375,0.89375
torture,-0.965625,-0.965625,-0.965625
touch,0.0,0.0,0.0
touches,0.0,0.0,0.0
tough,0.71875,0.71875,0.71875
transport,0.0,0.0,0.0
trash,-1.0,-1.0,-1.0
trendy,1.0,1.0,1.0
trial,-1.0,-1.0,-1.0
trouble,-0.928125,-0.928125,-0.928125
true,0.9083333333333334,0.9083333333333334,0.9083333333333334
truly,0.41250000000000003,0.41250000000000003,0.41250000000000003
trusted,0.88125,0.88125,0.88125
trying,-0.5,-0.5,-0.5
ugly,-0.946875,-0.946875,-0.946875
ultra,1.0,1.0,1.0
unable,-1.0,-1.0,-1.0
unbearable,-1.0,-1.0,-1.0
unconcerned,0.7958333333333334,0.7958333333333334,0.7958333333333334
understand,0.5,0.5,0.5
understanding,0.5,0.5,0.5
understood,0.5,0.5,0.5
unexpected,-1.0,-1.0,-1.0
unexpectedly,-1.0,-1.0,-1.0
unhappy,-0.93125,-0.93125,-0.93125
unimpressed,-0.675,-0.675,-0.675
unique,1.0,1.0,1.0
universal,1.0,1.0,1.0
unnecessary,-1.0,-1.0,-1.0
unparalleled,1.0,1.0,1.0
unprecedented,0.0,0.0,0.0
unresponsive,-1.0,-1.0,-1.0
unrivaled,1.0,1.0,1.0
unusable,-1.0,-1.0,-1.0
unusual,-1.0,-1.0,-1.0
upgradable,1.0,1.0,1.0
upgrade,0.5,0.5,0.5
upgraded,0.5,0.5,0.5
upset,-0.925,-0.925,-0.925
useful,0.934375,0.934375,0.934375
useless,-0.93125,-0.93125,-0.93125
value,0.39166666666666666,0.39166666666666666,0.39166666666666666
versatile,1.0,1.0,1.0
very,0.0,0.0,0.0
vibrant,0.95,0.95,0.95
vibration,-1.0,-1.0,-1.0
virus,-1.0,-1.0,-1.0
vivid,1.0,1.0,1.0
want,0.3458333333333334,0.3458333333333334,0.3458333333333334
warm,0.403125,0.403125,0.403125
warning,-0.91875,-0.91875,-0.91875
waste,-0.93125,-0.93125,-0.93125
wasting,-0.85625,-0.85625,-0.85625
wd,0.3375,0.3375,0.3375
weak,-0.934375,-0.934375,-0.934375
weaknesses,-0.921875,-0.921875,-0.921875
weird,-0.896875,-0.896875,-0.896875
well,0.909375,0.909375,0.909375
whatever,-0.5,-0.5,-0.5
white,0.5,0.5,0.5
wide,1.0,1.0,1.0
will,0.5,0.5,0.5
willing,0.5,0.5,0.5
win,0.42500000000000004,0.42500000000000004,0.42500000000000004
winner,0.925,0.925,0.925
winning,0.9,0.9,0.9
wise,0.940625,0.940625,0.940625
wish,0.4041666666666666,0.4041666666666666,0.4041666666666666
wonder,1.0,1.0,1.0
wonderful,0.959375,0.959375,0.959375
wonderfully,0.965625,0.965625,0.965625
work,1.0,1.0,1.0
worked,1.0,1.0,1.0
works,1.0,1.0,1.0
worried,-0.9125,-0.9125,-0.9125
worry,-0.934375,-0.934375,-0.934375
worse,-0.940625,-0.940625,-0.940625
worst,-0.971875,-0.971875,-0.971875
worth,0.903125,0.903125,0.903125
worthless,-0.934375,-0.934375,-0.934375
would,0.0,0.0,0.0
wow,0.9625,0.9625,0.9625
wrong,-0.940625,-0.940625,-0.940625
xp,0.175,0.175,0.175
yeah,0.05,0.05,0.05
yes,0.4041666666666666,0.4041666666666666,0.4041666666666666
not,-1.0,-1.0,-1.0
n't,-1.0,-1.0,-1.0
